0	@heidiknyc @apple @Badog420 Cute dinner when ur back from shanghai xx
0	No face tagging in the new #Android gallery? #Google
0	Some1 shld create a Business where they take ppl's #twitter streams over a period of time & make them into a nice book. #keepsake #urwelcome
0	bored - need a new intriguing #app for my #iPad.  Any suggestions?  @apple #yyc @Gadget_Guy
0	Would you look at that.. @SouthwestAir does @Apple style welcomes as well. http://t.co/t0TrFnk8 #customerappreciation #custserv
0	ok it is back @iphone @apple
1	#BOFH excuse #447: According to #Microsoft, it's by design | #IFollowBack #Instantly
0	http://t.co/Qewndku6  #Nokia workers ask,is CEO Stephen Elop a #Microsoft mole??
1	There is no social media without #Twitter... Who could be #Twitterless?
0	Ufff... after #Microsoft #MTS11 and #MVP meeting. Was great! #MVPBuzz
0	#Kinect Makes Learning Playful with Help from Sesame Street and National Geographic http://t.co/xQXP2uWx Genius idea ;) #Microsoft
0	@BenFolds p.s. I would have never used the word "playa" over "player" if #Twitter wasn't so restrictive...
1	Not Bad! @Apple Sells Over 4 Million #IPhones in Debut Weekend - Bloomberg http://t.co/AVSl3ygU - #smartphone #sm RT @VinodRad
1	#samsung galaxy nexus = orbital laser. #apple iphone 4s = wooden stick #google
1	New Galaxy Nexus: App Improvements - Gmail  offline search of last 30 days  #nexus #samsung #google #android bit.ly/nEJbyE
1	Iphone 4s almost had me ... ALMOST !! Ice Cream Sandwich FTW !! http://t.co/p32Ehduq #android #google
0	Some users are reporting problems with missing mentions. More info from #Twitter : http://t.co/dTQ23G5G
0	#opinion @Samsung need to be careful in @Apple patents issues - it looks a lot like you 'learned' a lot by making their chips!
0	Been MIA from Twitter.. But now Tweeting from my new @apple iPhone! :) #finallycool #notreally well, It IS ..I'm not :) #stilllearning
1	@jowyang it's difficult to pass up #google+ considering the social seo benefits of google+ vs facebook
1	Distrust and angst amongst #Nokia employees against #Selop #Microsoft fixation. http://t.co/jkOTcrMb
0	So apparently that's not the correct @apple
1	#Nokia co-operation with #Microsoft listed as the 4th riskiest business move of the year: http://t.co/IYo86gVj
1	+1 RT @tah_med: the background is SO horrible for this stream #Samsung #Google #NexusPrime they should've seen what #Adobe did at #AdobeMAX
1	I've pretty much abandoned Facebook for Twitter. #twitter'slegit
0	@Rich021 Thank you my friend!  Much appreciated and keep up the great work!  I hope you clean house on #Microsoft #Rewards here! #Retail
0	@davidcohen Sounds like 2nd day strategy isn't working. We got ours yesterday - in and out in no time. @Apple staff awesome/efficient!
0	#Google WebGL Bookcase: Google WebGL Bookcase. Google developed a WebGL app that shows a 3D model of a bookcase ... http://t.co/y8HC6kzB
0	Lol @Apple support playing Mary J Blige during the wait time.
1	#twitter :)
0	Love the template name #Microsoft... Everyone that does #SharePoint, go to your site's /_layouts/xsl/internal.xsl for a laugh.
1	Well... @Paging_Dr_A has gotten back on #twitter.. there goes my TL lol
1	The next #Google #Nexus phone is here!!. http://t.co/edSwoXoC
1	/want http://t.co/srbm3V0K #Google #Nexus #Samsung #Galaxy
0	Will @Apple's Mac ever properly be used in the financial markets or is it purely a creatives device? Shift from IBM to Mac? #finpanther
0	Dear @apple, as a hoh/deaf user, can you please add options for stronger and longer vibrate for #iphone4s ? Thank you! #hoh #deaf #ally
0	Why do I always blow up #twitter at like 1am? #sorryfollowers
1	Why Google+ Has Uphill Battle Vs. Facebook: Sean Parker http://t.co/L8RSX1Yf #google
1	#Android #Google Device Frame Generator Updated For Galaxy Nexus - Your Screenshots Just Got Prettier http://t.co/9bWt2W6z #DhilipSiva
0	YESSS @apple fix it also slow internet RT @SprintFeed: iPhone 4S owners are you having trouble with Siri connecting to internet?
0	#iMessage is here wid iOS5 RIP #BBM @cultofmac @apple
1	@apple I'm still waiting for you to deliver my phone to @sprint
1	Interesting... @apple now requires you to have a reservation ?         #apple #iphone #4S    :  http://t.co/zZK4fTii
1	http://t.co/QV4m1Un9 Forget the phone.. Nice UI. Liking the Scroll Feature #android #google #nexus
1	I need to get off #twitter
0	RT @Apple Yea, our stores are open 7 days a week RT @Wasalu_Flora Me too? RT @DJ_BMONEY iPad ..+ iPhone 4s..= My Christmas gifts to my self.
0	I just told my @apple 4S she was a stupid bitch and her reply was if you insist #lol
1	@phxguy88 @Apple @BGR That's why all the ppl who stand in line for hrs to get the "newest" model are suckers...
1	wow - #Microsoft tech turns your body into a touchscreen http://t.co/5hVBC5Bm via @PSFK
1	#RIM should really take an in debt look at #Google's strategy... They released the #NDK for #Icecreamsandwich 3 HOURS after release. #ics
0	Android fanatlarinin gozu aydin olsun :) new Android 4.0 Ice Cream Sandwich cixdi :) #android #samsung #google
0	@MissHell23 Umm, pretty sure I typed @Apple, not you, but okies, why'd you do it, then? *grin*
0	#google just invented #mango taste #icecream. even the #roboto is so #segoe. but it's ok. every oem will have to pay #ms anyway... LOL.
1	I'm so ready for Ice Cream Sandwich! #ICS #Nexus #Google #Android #SiriWho? http://t.co/Cjonncvk @GetGlue #Android
1	@joannejacobs I'd like to criticise #Microsoft's Steve Ballmer face-to-face for all the pain & suffering their products cause. #justsaying
1	I love @apple service . My case has cracked 3x and I go in and they hand me a case and I walk out
1	I am quickly falling in love with #Apple #iCloud. Finally a web-based solution to wave my old #Microsoft Outlook bye-bye
0	@apple Give Siri back!
0	@Samsung wants to ban @Apple iPhone 4S in Japan and Australia. http://t.co/hWA4tWIc #smartphonewar
0	wait... i don't really care what people are doing in their daily lives #twitter
1	Just seen a taste of #Google's ice cream sandwich, now I want a bite
1	I can't wait to get the new #Galaxy #Nexus with #IceCreamSandwich... best yet it supports my #Google Wallet http://t.co/bqMuHxkK via @cnet
0	@ScottShipman1 Glad to hear! Hey @Mckellip thank you for the  #Microsoft #Lync video participation #onthebigscreen :) @CoreBTS #CoreAppTech
0	Hates facebook whores #twitter
0	iPhone 4S First Weekend Sales Top Four Million: http://t.co/O7zqnY7K (via @apple)
0	But @att is "working" with @apple to make their iPhone say 4G RT @JFSikora: @TCPJ_Mickey I'm so glad Apple is not slinging that crap.
0	RT @stalkertard: hey @apple, how about if IPhone4S = "IPhone 4 Steve" and you donate a small portion of the proceeds towards cancer rese ...
1	Open Letter: Steve Ballmer, Please Retire - Forbes - Please retweet! #MSFT needs a techie leader. http://t.co/E8uMRmro #microsoft #ballmer
1	If you didn't know - Free #Microsoft #HTML5 @Webcamps on West Coast MountainView Redmond Portland check them out  http://t.co/L86OWQRE
0	I hate when my phne do what it want on #twitter
0	@notleifgarrett @apple you'll be able to afford that mansion one day.
1	#Microsoft took 6 months to recruit Everson and 9 months to lose her to #Faceboook via Adweek http://t.co/l5mTm6Ig
1	Mmmm Ice Cream Sandwich #Android #Google
1	#Siri went down for a little while last night. Come on @apple! Get your shit together on this launch!
1	Gonna dump one of my gmail accounts. not only do I get tons of spam I get tons of false positives. Not cool. #Google
1	@apple @jilive @DanielPink: Apple sells 4 million iPhone 4S units in first weekend ... Steve Jobs brilliance lives on for ever! #iphone #RVA
1	Got this new #twitter app and a fresh ass theme with it! FWM
0	#Android + #Google have all of the tools to reshape the market. I should probably take a break from all this #ICS talk. http://t.co/D6T2XYAD
0	@Dropbox balked at acquisition by @Apple. My apps thank them. :)  http://t.co/VsYPl9Xu
1	RT @tomkeene Thx @instagram Thx @apple #hypo #D-76 #tri-x http://t.co/BPPJwncp
0	ok @apple, now we got our iOS5 and #icloud, can we please have #LogicX
1	With #Windows 8, #Microsoft can't forget past antitrust issues http://t.co/z4jWLQVu
1	Google Ice Cream Sandwich - sounds yummy!  What do you think? http://t.co/gMsgXcq8
#google #Android #ice cream sandwich
0	The folks at @apple are awesome! So glad I a #mactard
0	Where is #Twitter
1	Will watch this one with interest! RT @RossMistry: #Microsoft Codename "Data Explorer" CTP Coming ... http://t.co/kvJSerCj via @scottyd99999
0	this reader button for safari is perfect for fic @apple #ios5 #stevejobsday
0	#Android Ice Cream Sandwich features face-recognition to unlock your phone, no more entering a pin or password #fb #google
0	#Android #Google Ice Cream Sandwich Feature Closer Look - Redesigned Lock Screen And Virtual Button Bar http://t.co/FqsPN4An #DhilipSiva
1	i love #google
1	I've seen a couple of iPhone 4S's already, but still no Windows Phone 7's ... ever! #Microsoft not so hot.
1	@MrTonySays I tried to #Google the word #Visigoth and apparently  #Google didn't know either cause my  phone froze.
0	I figgured if my #twitter Lady-Gems friends get new one's that I can too! =) My New Boo http://t.co/dXN6NpIB
1	RT @Mr_Lister: Loves the new presentations tool for Google Docs - particularly themes and adding video via URL #google #sd33 #edchat #ed ...
0	RT @MontrelCox: It's twitter. Get over it or go back to Facebook and unfollow me. This is my free forum to say exactly what thee fuck I  ...
1	#skype is now part of stupid #microsoft it seems
0	can't wait for @Spotify and @Apple to integrate with Siri.
1	#Twitter'sMalfunctioningAgain
1	@Apple Safari Reader owns the worldwide web
0	Anyone know why we can only read iBooks on the iPhone and iPad? Any ideas how to read them on mac? @apple
1	@Garr_Williams isn't this place great? 
#twitter
1	@apple @iphone Please deliver my daughter's i4s, she is driving me nuts #iphone
